error	tools
2620	PHASTEST
4605	PHASTEST
13243	PHASTEST
26709	PHASTEST
268	PHASTEST
-127	PHASTEST
7307	PHASTEST
4812	PHASTEST
118	PHASTEST
12870	PHASTEST
7683	PHASTEST
5111	PHASTEST
7546	PHASTEST
9879	PHASTEST
1614	PHASTEST
405	PHASTEST
3905	PHASTEST
998	PHASTEST
5234	PHASTEST
2820	PHASTEST
1694	PHASTEST
5251	PHASTEST
3528	PHASTEST
3913	PHASTEST
-84	PHASTEST
-43	PHASTEST
109	PHASTEST
7670	PHASTEST
8677	PHASTEST
-48	PHASTEST
14184	PHASTEST
12231	PHASTEST
3196	PHASTEST
-233	PHASTEST
0	PHASTEST
-48	PHASTEST
1372	PHASTEST
-46	PHASTEST
1620	PHASTEST
-15	PHASTEST
14423	PHASTEST
18973	PHASTEST
0	PHASTEST
-26	PHASTEST
0	PHASTEST
1126	PHASTEST
6220	PHASTEST
-82	PHASTEST
-88	PHASTEST
-84	PHASTEST
-218	PHASTEST
-165	PHASTEST
9481	PHASTEST
-107	PHASTEST
715	PHASTEST
-19	PHASTEST
3076	PHASTEST
1497	PHASTEST
0	PHASTEST
-46	PHASTEST
-112	PHASTEST
2261	PHASTEST
4264	PHASTEST
775	PHASTEST
15485	PHASTEST
-370	PHASTEST
775	PHASTEST
2264	PHASTEST
-96	PHASTEST
2811	PHASTEST
3208	PHASTEST
8047	PHASTEST
-73	PHASTEST
-132	PHASTEST
406	PHASTEST
3630	PHASTEST
412	PHASTEST
7419	PHASTEST
711	PHASTEST
5435	PHASTEST
0	PHASTEST
-47	PHASTEST
40795	PHASTEST
19907	PHASTEST
3204	PHASTEST
-18	PHASTEST
1374	PHASTEST
-44	PHASTEST
7026	PHASTEST
12490	PHASTEST
0	PHASTEST
4229	PHASTEST
-2025	PHASTEST
-2142	PHASTEST
1743	PHASTEST
3099	PHASTEST
-10	PHASTEST
-45	PHASTEST
0	PHASTEST
1911	PHASTEST
11272	PHASTEST
7331	PHASTEST
122	PHASTEST
13775	PHASTEST
3134	PHASTEST
-17	PHASTEST
3790	PHASTEST
356	PHASTEST
-170	PHASTEST
-207	PHASTEST
0	PHASTEST
1071	PHASTEST
0	PHASTEST
762	PHASTEST
26806	PHASTEST
7132	PHASTEST
479	PHASTEST
-101	PHASTEST
1800	PHASTEST
-110	PHASTEST
1351	PHASTEST
3867	PHASTEST
1600	PHASTEST
-55	PHASTEST
1081	PHASTEST
1007	PHASTEST
9477	PHASTEST
-45	PHASTEST
1746	PHASTEST
1098	PHASTEST
0	PHASTEST
1915	PHASTEST
-5673	PHASTEST
2383	PHASTEST
0	PHASTEST
1081	PHASTEST
-343	PHASTEST
430	PHASTEST
1372	PHASTEST
-46	PHASTEST
1079	PHASTEST
1007	PHASTEST
4391	PHASTEST
10541	PHASTEST
12614	PHASTEST
-32	PHASTEST
1648	PHASTEST
3098	PHASTEST
7894	PHASTEST
2406	PHASTEST
2400	PHASTEST
2472	PHASTEST
-157	PHASTEST
1372	PHASTEST
1372	PHASTEST
-46	PHASTEST
-5676	PHASTEST
2383	PHASTEST
-337	PHASTEST
2383	PHASTEST
1372	PHASTEST
-46	PHASTEST
1372	PHASTEST
-46	PHASTEST
7894	PHASTEST
726	PHASTEST
7079	PHASTEST
3782	PHASTEST
0	PHASTEST
4007	PHASTEST
3782	PHASTEST
-27	PHASTEST
720	PHASTEST
2472	PHASTEST
-8	PHASTEST
5922	PHASTEST
925	PHASTEST
-14	PHASTEST
-209	PHASTEST
-682	PHASTEST
1593	PHASTEST
4632	PHASTEST
-3	PHASTEST
-20	PHASTEST
-180	PHASTEST
19652	PHASTEST
-58	PHASTEST
344	PHASTEST
3337	PHASTEST
-168	PHASTEST
11219	PHASTEST
3282	PHASTEST
29228	PHASTEST
18942	PHASTEST
9232	PHASTEST
5353	PHASTEST
-1	PHASTEST
-13	PHASTEST
3666	PHASTEST
5373	PHASTEST
1709	PHASTEST
-82	PHASTEST
5520	PHASTEST
5443	PHASTEST
0	PHASTEST
5188	PHASTEST
-1	PHASTEST
-13	PHASTEST
4572	PHASTEST
-44	PHASTEST
-142	PHASTEST
5122	PHASTEST
4265	PHASTEST
2853	PHASTEST
2734	PHASTEST
5446	PHASTEST
1171	PHASTEST
-72	PHASTEST
0	PHASTEST
-28	PHASTEST
6448	PHASTEST
6506	PHASTEST
13548	PHASTEST
2267	PHASTEST
3946	PHASTEST
2712	PHASTEST
-276	PHASTEST
3044	PHASTEST
-198	PHASTEST
2365	PHASTEST
12395	PHASTEST
1843	PHASTEST
2325	PHASTEST
-116	PHASTEST
39790	PHASTEST
11805	PHASTEST
3054	PHASTEST
2737	PHASTEST
-3	PHASTEST
-14	PHASTEST
0	PHASTEST
-50	PHASTEST
3864	PHASTEST
-24	PHASTEST
762	PHASTEST
-136	PHASTEST
9373	PHASTEST
10639	PHASTEST
0	PHASTEST
9035	PHASTEST
257	PHASTEST
1744	PHASTEST
4133	PHASTEST
-66	PHASTEST
4569	PHASTEST
7522	PHASTEST
4293	PHASTEST
-971	PHASTEST
4810	PHASTEST
2790	PHASTEST
-23	PHASTEST
-51	PHASTEST
0	PHASTEST
-65	PHASTEST
4	PHASTEST
10648	PHASTEST
13391	PHASTEST
-228	PHASTEST
21598	PHASTEST
6161	PHASTEST
5519	PHASTEST
2394	PHASTEST
1634	PHASTEST
6905	PHASTEST
796	PHASTEST
-92	PHASTEST
3084	PHASTEST
-93	PHASTEST
3685	PHASTEST
-238	PHASTEST
6587	PHASTEST
-94	PHASTEST
3305	PHASTEST
2348	PHASTEST
-92	PHASTEST
3401	PHASTEST
190	PHASTEST
12691	PHASTEST
-2593	PHASTEST
-92	PHASTEST
-178	PHASTEST
1268	PHASTEST
3346	PHASTEST
4399	PHASTEST
-174	PHASTEST
1254	PHASTEST
-17327	PHASTEST
4415	PHASTEST
4062	PHASTEST
5274	PHASTEST
-175	PHASTEST
-92	PHASTEST
-174	PHASTEST
-92	PHASTEST
-92	PHASTEST
-174	PHASTEST
3528	PHASTEST
2579	PHASTEST
-4	PHASTEST
-40	PHASTEST
5476	PHASTEST
4581	PHASTEST
5115	PHASTEST
2359	PHASTEST
-5139	PHASTEST
6007	PHASTEST
14456	PHASTEST
-65	PHASTEST
3873	PHASTEST
3099	PHASTEST
5115	PHASTEST
2360	PHASTEST
3983	PHASTEST
1908	PHASTEST
3063	PHASTEST
842	PHASTEST
5822	PHASTEST
4468	PHASTEST
15947	PHASTEST
50	PHASTEST
-14393	PHASTEST
-3818	PHASTEST
4813	PHASTEST
-338	PHASTEST
15316	PHASTEST
-184	PHASTEST
9744	PHASTEST
9871	PHASTEST
4357	PHASTEST
-40	PHASTEST
2849	PHASTEST
-84	PHASTEST
4312	PHASTEST
-141	PHASTEST
6495	PHASTEST
-457	PHASTEST
-4	PHASTEST
2641	PHASTEST
14721	PHASTEST
-125	PHASTEST
20479	PHASTEST
-45	PHASTEST
6096	PHASTEST
-80	PHASTEST
3264	PHASTEST
-139	PHASTEST
-82	PHASTEST
1361	PHASTEST
0	PHASTEST
662	PHASTEST
-43	PHASTEST
9698	PHASTEST
12837	PHASTEST
9818	PHASTEST
3582	PHASTEST
-49	PHASTEST
49967	PHASTEST
2208	PHASTEST
1596	PHASTEST
3099	PHASTEST
1105	PHASTEST
-45	PHASTEST
14952	PHASTEST
11896	PHASTEST
11592	PHASTEST
16060	PHASTEST
-3	PHASTEST
15658	PHASTEST
2046	PHASTEST
4823	PHASTEST
2814	PHASTEST
479	PHASTEST
-173	PHASTEST
-497	PHASTEST
6951	PHASTEST
3141	PHASTEST
16387	PHASTEST
469	PHASTEST
1097	PHASTEST
4842	PHASTEST
12121	PHASTEST
9806	PHASTEST
362	PHASTEST
6057	PHASTEST
-394	PHASTEST
1987	PHASTEST
1985	PHASTEST
1990	PHASTEST
8006	PHASTEST
14214	PHASTEST
13712	PHASTEST
17103	PHASTEST
5580	PHASTEST
184	PHASTEST
9858	PHASTEST
7295	PHASTEST
172	PHASTEST
3165	PHASTEST
13589	PHASTEST
8558	PHASTEST
-17	PHASTEST
15452	PHASTEST
3137	PHASTEST
10055	PHASTEST
3168	PHASTEST
11057	PHASTEST
7918	PHASTEST
14052	PHASTEST
-133	PHASTEST
-96	PHASTEST
485	PHASTEST
1097	PHASTEST
362	PHASTEST
6060	PHASTEST
135	PHASTEST
3141	PHASTEST
4492	PHASTEST
373	PHASTEST
6938	PHASTEST
9808	PHASTEST
11708	PHASTEST
13151	PHASTEST
905	PHASTEST
314	PHASTEST
396	PHASTEST
11988	PHASTEST
11668	PHASTEST
1389	PHASTEST
9104	PHASTEST
-171	PHASTEST
1434	PHASTEST
5601	PHASTEST
3397	PHASTEST
10417	PHASTEST
8407	PHASTEST
13466	PHASTEST
4431	PHASTEST
3138	PHASTEST
7832	PHASTEST
14214	PHASTEST
15523	PHASTEST
905	PHASTEST
13589	PHASTEST
8558	PHASTEST
13584	PHASTEST
9480	PHASTEST
4492	PHASTEST
373	PHASTEST
7307	PHASTEST
4812	PHASTEST
6589	PHASTEST
8461	PHASTEST
9817	PHASTEST
7348	PHASTEST
12434	PHASTEST
14681	PHASTEST
3141	PHASTEST
10421	PHASTEST
7	PHASTEST
130	PHASTEST
7146	PHASTEST
7781	PHASTEST
17894	PHASTEST
2758	PHASTEST
1477	PHASTEST
14102	PHASTEST
5809	PHASTEST
4911	PHASTEST
3599	PHASTEST
4330	PHASTEST
17995	PHASTEST
2758	PHASTEST
2413	PHASTEST
-12	PHASTEST
3606	PHASTEST
19844	PHASTEST
1064	PHASTEST
19736	PHASTEST
105	PHASTEST
7665	PHASTEST
1004	PHASTEST
-219	PHASTEST
0	PHASTEST
4227	PHASTEST
4171	PHASTEST
1446	PHASTEST
0	PHASTEST
2215	PHASTEST
13178	PHASTEST
96	PHASTEST
21656	PHASTEST
12827	PHASTEST
41647	PHASTEST
7352	PHASTEST
2328	PHASTEST
-323	PHASTEST
11409	PHASTEST
-187	PHASTEST
-1	PHASTEST
-74	PHASTEST
-80	PHASTEST
13	PHASTEST
5419	PHASTEST
1946	PHASTEST
-712	PHASTEST
-233	PHASTEST
3394	PHASTEST
857	PHASTEST
-92	PHASTEST
12873	PHASTEST
6929	PHASTEST
8707	PHASTEST
17844	PHASTEST
21269	PHASTEST
1372	PHASTEST
-46	PHASTEST
0	PHASTEST
-46	PHASTEST
5720	PHASTEST
-49	PHASTEST
-193	geNomad
1627	geNomad
3031	geNomad
66246	geNomad
-921	geNomad
-629	geNomad
2520	geNomad
-1244	geNomad
518	geNomad
2935	geNomad
-585	geNomad
5111	geNomad
-325	geNomad
2096	geNomad
-13085	geNomad
3355	geNomad
2525	geNomad
235	geNomad
-104	geNomad
-304	geNomad
142	geNomad
-1034	geNomad
-54	geNomad
2521	geNomad
-84	geNomad
-1564	geNomad
547	geNomad
521	geNomad
497	geNomad
35343	geNomad
-84	geNomad
-528	geNomad
-708	geNomad
-233	geNomad
-1003	geNomad
991	geNomad
-163	geNomad
981	geNomad
-105	geNomad
3222	geNomad
22608	geNomad
5114	geNomad
-52	geNomad
4504	geNomad
-60	geNomad
-1004	geNomad
-204	geNomad
-174	geNomad
-88	geNomad
-84	geNomad
311	geNomad
-165	geNomad
-588	geNomad
-107	geNomad
-1604	geNomad
-240	geNomad
1696	geNomad
-167	geNomad
-110	geNomad
4536	geNomad
1724	geNomad
-43	geNomad
1065	geNomad
20	geNomad
-714	geNomad
2728	geNomad
20	geNomad
1066	geNomad
-110	geNomad
-1619	geNomad
-89	geNomad
-803	geNomad
-91	geNomad
-616	geNomad
-2240	geNomad
-1634	geNomad
-2220	geNomad
-1634	geNomad
4099	geNomad
-91	geNomad
-1575	geNomad
-312	geNomad
37445	geNomad
1499	geNomad
-202	geNomad
6649	geNomad
-213	geNomad
423	geNomad
-152	geNomad
-1145	geNomad
-47	geNomad
-3629	geNomad
-1386	geNomad
-1094	geNomad
-2025	geNomad
-2009	geNomad
-123	geNomad
-207	geNomad
1092	geNomad
-60	geNomad
1330	geNomad
-534	geNomad
-669	geNomad
-1386	geNomad
-84	geNomad
-3184	geNomad
-107	geNomad
-161	geNomad
-170	geNomad
-207	geNomad
-60	geNomad
1506	geNomad
-60	geNomad
1285	geNomad
5049	geNomad
-60	geNomad
-272	geNomad
-101	geNomad
-310	geNomad
1299	geNomad
1192	geNomad
-1954	geNomad
10446	geNomad
-181	geNomad
-219	geNomad
5218	geNomad
-168	geNomad
-165	geNomad
1330	geNomad
-3820	geNomad
615	geNomad
1087	geNomad
5219	geNomad
-219	geNomad
2523	geNomad
430	geNomad
543	geNomad
-522	geNomad
-163	geNomad
1031	geNomad
-222	geNomad
5002	geNomad
7514	geNomad
5187	geNomad
12213	geNomad
543	geNomad
1161	geNomad
-207	geNomad
2472	geNomad
-103	geNomad
-109	geNomad
2472	geNomad
981	geNomad
-162	geNomad
-162	geNomad
981	geNomad
1480	geNomad
1087	geNomad
-3726	geNomad
1087	geNomad
-162	geNomad
981	geNomad
-162	geNomad
981	geNomad
2472	geNomad
-103	geNomad
-128	geNomad
1781	geNomad
981	geNomad
-163	geNomad
1781	geNomad
-128	geNomad
-109	geNomad
2472	geNomad
-204	geNomad
1097	geNomad
5077	geNomad
1956	geNomad
-209	geNomad
-682	geNomad
-407	geNomad
4632	geNomad
-127	geNomad
943	geNomad
-1067	geNomad
-13	geNomad
638	geNomad
23	geNomad
649	geNomad
123	geNomad
1325	geNomad
1960	geNomad
18360	geNomad
4009	geNomad
1660	geNomad
-134	geNomad
-137	geNomad
-259	geNomad
-85	geNomad
9124	geNomad
-1877	geNomad
1972	geNomad
-122	geNomad
2041	geNomad
-82	geNomad
452	geNomad
-137	geNomad
-259	geNomad
750	geNomad
-180	geNomad
-203	geNomad
3181	geNomad
-483	geNomad
7927	geNomad
1816	geNomad
-823	geNomad
1906	geNomad
782	geNomad
786	geNomad
-528	geNomad
5552	geNomad
-167	geNomad
1524	geNomad
-848	geNomad
9777	geNomad
-136	geNomad
-2438	geNomad
-121	geNomad
-128	geNomad
-2440	geNomad
-1533	geNomad
-193	geNomad
389	geNomad
-100	geNomad
2049	geNomad
-149	geNomad
-94	geNomad
-116	geNomad
29619	geNomad
-308	geNomad
-617	geNomad
-197	geNomad
-319	geNomad
-234	geNomad
-1139	geNomad
-247	geNomad
868	geNomad
-6957	geNomad
-173	geNomad
-634	geNomad
1428	geNomad
18	geNomad
-2222	geNomad
-136	geNomad
-745	geNomad
56	geNomad
-123	geNomad
4577	geNomad
132	geNomad
1897	geNomad
-260	geNomad
-1192	geNomad
-1672	geNomad
2431	geNomad
-238	geNomad
2819	geNomad
-3254	geNomad
-149	geNomad
-637	geNomad
-272	geNomad
-544	geNomad
-121	geNomad
-207	geNomad
1559	geNomad
-68	geNomad
-683	geNomad
-124	geNomad
7609	geNomad
-1175	geNomad
-228	geNomad
586	geNomad
-102	geNomad
-92	geNomad
968	geNomad
-2086	geNomad
2199	geNomad
-1057	geNomad
-92	geNomad
-130	geNomad
-93	geNomad
-243	geNomad
-238	geNomad
13462	geNomad
-94	geNomad
-93	geNomad
-130	geNomad
-92	geNomad
2489	geNomad
190	geNomad
12691	geNomad
-174	geNomad
-92	geNomad
-1062	geNomad
-93	geNomad
-174	geNomad
-92	geNomad
-1057	geNomad
-92	geNomad
702	geNomad
58644	geNomad
-92	geNomad
-174	geNomad
-1047	geNomad
-92	geNomad
-174	geNomad
379	geNomad
5291	geNomad
6617	geNomad
-174	geNomad
-92	geNomad
-102	geNomad
-186	geNomad
3825	geNomad
-96	geNomad
-2072	geNomad
-148	geNomad
92	geNomad
8067	geNomad
696	geNomad
2860	geNomad
-92	geNomad
-1270	geNomad
-2072	geNomad
-148	geNomad
-92	geNomad
1908	geNomad
-1070	geNomad
-92	geNomad
516	geNomad
-129	geNomad
-4492	geNomad
-178	geNomad
-88	geNomad
-1135	geNomad
-101	geNomad
-777	geNomad
-74	geNomad
-1340	geNomad
-120	geNomad
-184	geNomad
21520	geNomad
2951	geNomad
-574	geNomad
-618	geNomad
-3514	geNomad
-84	geNomad
1475	geNomad
9410	geNomad
18385	geNomad
-125	geNomad
-870	geNomad
-45	geNomad
1330	geNomad
-80	geNomad
-545	geNomad
-139	geNomad
-700	geNomad
-176	geNomad
-115	geNomad
-489	geNomad
-449	geNomad
1854	geNomad
-60	geNomad
439	geNomad
2646	geNomad
-449	geNomad
34666	geNomad
981	geNomad
-123	geNomad
-1457	geNomad
1081	geNomad
-60	geNomad
-789	geNomad
-179	geNomad
-453	geNomad
1306	geNomad
-59	geNomad
8166	geNomad
-59	geNomad
4689	geNomad
2814	geNomad
479	geNomad
2613	geNomad
810	geNomad
810	geNomad
2613	geNomad
-93	geNomad
-814	geNomad
8317	geNomad
4872	geNomad
-31	geNomad
-271	geNomad
580	geNomad
-93	geNomad
580	geNomad
-93	geNomad
1987	geNomad
-93	geNomad
566	geNomad
6902	geNomad
2922	geNomad
11978	geNomad
4874	geNomad
3126	geNomad
4913	geNomad
2378	geNomad
2627	geNomad
10008	geNomad
-31	geNomad
-144	geNomad
-485	geNomad
-93	geNomad
806	geNomad
2293	geNomad
580	geNomad
-93	geNomad
580	geNomad
-93	geNomad
1210	geNomad
-115	geNomad
-745	geNomad
-93	geNomad
-31	geNomad
-673	geNomad
2280	geNomad
12333	geNomad
-115	geNomad
1210	geNomad
3126	geNomad
4874	geNomad
4967	geNomad
2282	geNomad
905	geNomad
314	geNomad
2420	geNomad
4982	geNomad
4970	geNomad
1595	geNomad
29120	geNomad
-171	geNomad
2279	geNomad
4895	geNomad
806	geNomad
2609	geNomad
-31	geNomad
-355	geNomad
2306	geNomad
810	geNomad
1985	geNomad
-93	geNomad
-93	geNomad
1985	geNomad
-31	geNomad
-114	geNomad
2519	geNomad
-77	geNomad
-115	geNomad
1210	geNomad
2520	geNomad
-1244	geNomad
-93	geNomad
1722	geNomad
4872	geNomad
3555	geNomad
3454	geNomad
4905	geNomad
12020	geNomad
2613	geNomad
24416	geNomad
2409	geNomad
7	geNomad
-446	geNomad
6191	geNomad
4093	geNomad
1002	geNomad
-102	geNomad
2626	geNomad
523	geNomad
699	geNomad
3161	geNomad
-459	geNomad
258	geNomad
-93	geNomad
-102	geNomad
-97	geNomad
2071	geNomad
1358	geNomad
-122	geNomad
-3013	geNomad
46061	geNomad
5188	geNomad
7517	geNomad
543	geNomad
516	geNomad
5000	geNomad
-219	geNomad
-1386	geNomad
-1097	geNomad
-244	geNomad
-161	geNomad
-89	geNomad
-385	geNomad
-16	geNomad
-208	geNomad
11101	geNomad
-60	geNomad
27858	geNomad
-985	geNomad
-1195	geNomad
3802	geNomad
-1572	geNomad
-4956	geNomad
625	geNomad
-74	geNomad
2140	geNomad
13	geNomad
3184	geNomad
2804	geNomad
1967	geNomad
-233	geNomad
3927	geNomad
22	geNomad
7837	geNomad
7711	geNomad
13682	geNomad
544	geNomad
-162	geNomad
981	geNomad
981	geNomad
-163	geNomad
-192	geNomad
1471	geNomad
-619	geNomad
-108	geNomad
4565	VirSorter2
52766	VirSorter2
90455	VirSorter2
66246	VirSorter2
-7619	VirSorter2
2262	VirSorter2
1932	VirSorter2
50148	VirSorter2
948	VirSorter2
80233	VirSorter2
2863	VirSorter2
50908	VirSorter2
5000	VirSorter2
29699	VirSorter2
642	VirSorter2
46642	VirSorter2
-13558	VirSorter2
53715	VirSorter2
40695	VirSorter2
57293	VirSorter2
-104	VirSorter2
63611	VirSorter2
1694	VirSorter2
52577	VirSorter2
6952	VirSorter2
69580	VirSorter2
21141	VirSorter2
35290	VirSorter2
80088	VirSorter2
146900	VirSorter2
15116	VirSorter2
35343	VirSorter2
6356	VirSorter2
12441	VirSorter2
8111	VirSorter2
41632	VirSorter2
-246	VirSorter2
20852	VirSorter2
57726	VirSorter2
12406	VirSorter2
6401	VirSorter2
64714	VirSorter2
34997	VirSorter2
26278	VirSorter2
2584	VirSorter2
31797	VirSorter2
4298	VirSorter2
118827	VirSorter2
18615	VirSorter2
59153	VirSorter2
243	VirSorter2
46875	VirSorter2
6681	VirSorter2
40754	VirSorter2
7209	VirSorter2
17459	VirSorter2
-2294	VirSorter2
11724	VirSorter2
3885	VirSorter2
26396	VirSorter2
3617	VirSorter2
32138	VirSorter2
4180	VirSorter2
32758	VirSorter2
8818	VirSorter2
22970	VirSorter2
5198	VirSorter2
101056	VirSorter2
3776	VirSorter2
17922	VirSorter2
1170	VirSorter2
17653	VirSorter2
55402	VirSorter2
28857	VirSorter2
2322	VirSorter2
73417	VirSorter2
4099	VirSorter2
60295	VirSorter2
2852	VirSorter2
38858	VirSorter2
5576	VirSorter2
59861	VirSorter2
-2952	VirSorter2
26040	VirSorter2
76296	VirSorter2
27284	VirSorter2
1989	VirSorter2
53638	VirSorter2
4886	VirSorter2
88127	VirSorter2
26193	VirSorter2
59718	VirSorter2
2205	VirSorter2
101193	VirSorter2
238118	VirSorter2
281782	VirSorter2
-331	VirSorter2
232687	VirSorter2
13094	VirSorter2
91584	VirSorter2
8747	VirSorter2
73757	VirSorter2
6569	VirSorter2
210953	VirSorter2
12629	VirSorter2
18873	VirSorter2
6356	VirSorter2
98083	VirSorter2
-107	VirSorter2
35386	VirSorter2
85332	VirSorter2
9430	VirSorter2
3843	VirSorter2
122364	VirSorter2
6147	VirSorter2
127970	VirSorter2
7226	VirSorter2
43130	VirSorter2
28993	VirSorter2
19922	VirSorter2
4776	VirSorter2
33454	VirSorter2
1192	VirSorter2
32519	VirSorter2
10446	VirSorter2
109638	VirSorter2
2636	VirSorter2
114917	VirSorter2
5796	VirSorter2
74989	VirSorter2
-86	VirSorter2
-52	VirSorter2
6569	VirSorter2
129871	VirSorter2
615	VirSorter2
125899	VirSorter2
3513	VirSorter2
143943	VirSorter2
-343	VirSorter2
121644	VirSorter2
4799	VirSorter2
136713	VirSorter2
64998	VirSorter2
21090	VirSorter2
2634	VirSorter2
147445	VirSorter2
7514	VirSorter2
128065	VirSorter2
154873	VirSorter2
243691	VirSorter2
97121	VirSorter2
98829	VirSorter2
7659	VirSorter2
103406	VirSorter2
139080	VirSorter2
31505	VirSorter2
63688	VirSorter2
57569	VirSorter2
66620	VirSorter2
21276	VirSorter2
-53	VirSorter2
83427	VirSorter2
-54	VirSorter2
201799	VirSorter2
63334	VirSorter2
21127	VirSorter2
3521	VirSorter2
181128	VirSorter2
18269	VirSorter2
100916	VirSorter2
11901	VirSorter2
107621	VirSorter2
21438	VirSorter2
4007	VirSorter2
2642	VirSorter2
93879	VirSorter2
3718	VirSorter2
93534	VirSorter2
-204	VirSorter2
48199	VirSorter2
5077	VirSorter2
113563	VirSorter2
21340	VirSorter2
53392	VirSorter2
118343	VirSorter2
209072	VirSorter2
11186	VirSorter2
40823	VirSorter2
-129	VirSorter2
54234	VirSorter2
3337	VirSorter2
63859	VirSorter2
1325	VirSorter2
50472	VirSorter2
22113	VirSorter2
31325	VirSorter2
6116	VirSorter2
36236	VirSorter2
-137	VirSorter2
215149	VirSorter2
4530	VirSorter2
9124	VirSorter2
5090	VirSorter2
65327	VirSorter2
2645	VirSorter2
222765	VirSorter2
12674	VirSorter2
53655	VirSorter2
-137	VirSorter2
215150	VirSorter2
114436	VirSorter2
99629	VirSorter2
1264	VirSorter2
101804	VirSorter2
6916	VirSorter2
41433	VirSorter2
3773	VirSorter2
88369	VirSorter2
219018	VirSorter2
363102	VirSorter2
2734	VirSorter2
67298	VirSorter2
8325	VirSorter2
62712	VirSorter2
2607	VirSorter2
159674	VirSorter2
2000	VirSorter2
12318	VirSorter2
9455	VirSorter2
8318	VirSorter2
58060	VirSorter2
125993	VirSorter2
1953	VirSorter2
71946	VirSorter2
1639	VirSorter2
86116	VirSorter2
3768	VirSorter2
101162	VirSorter2
2358	VirSorter2
93586	VirSorter2
28642	VirSorter2
63390	VirSorter2
69421	VirSorter2
154635	VirSorter2
2244	VirSorter2
75989	VirSorter2
-124	VirSorter2
82183	VirSorter2
3739	VirSorter2
-5969	VirSorter2
1647	VirSorter2
42559	VirSorter2
-272	VirSorter2
42666	VirSorter2
-1091	VirSorter2
22908	VirSorter2
-3939	VirSorter2
86281	VirSorter2
52683	VirSorter2
47919	VirSorter2
35055	VirSorter2
1897	VirSorter2
1129	VirSorter2
54625	VirSorter2
7651	VirSorter2
38723	VirSorter2
18696	VirSorter2
67378	VirSorter2
4006	VirSorter2
60835	VirSorter2
1156	VirSorter2
51425	VirSorter2
2647	VirSorter2
38117	VirSorter2
2501	VirSorter2
65632	VirSorter2
-197	VirSorter2
35231	VirSorter2
2286	VirSorter2
46834	VirSorter2
8497	VirSorter2
71380	VirSorter2
4796	VirSorter2
33476	VirSorter2
121889	VirSorter2
41374	VirSorter2
68627	VirSorter2
14202	VirSorter2
-243	VirSorter2
55266	VirSorter2
4724	VirSorter2
28450	VirSorter2
4475	VirSorter2
49037	VirSorter2
8625	VirSorter2
58307	VirSorter2
105122	VirSorter2
12691	VirSorter2
31580	VirSorter2
23814	VirSorter2
3442	VirSorter2
186183	VirSorter2
10657	VirSorter2
81754	VirSorter2
2260	VirSorter2
54391	VirSorter2
843	VirSorter2
202777	VirSorter2
17199	VirSorter2
84696	VirSorter2
804	VirSorter2
83206	VirSorter2
48921	VirSorter2
379	VirSorter2
13035	VirSorter2
48104	VirSorter2
3528	VirSorter2
48230	VirSorter2
3731	VirSorter2
43738	VirSorter2
3825	VirSorter2
12432	VirSorter2
9028	VirSorter2
44884	VirSorter2
9374	VirSorter2
52160	VirSorter2
6313	VirSorter2
95757	VirSorter2
6543	VirSorter2
64202	VirSorter2
9029	VirSorter2
34573	VirSorter2
32464	VirSorter2
112141	VirSorter2
3385	VirSorter2
78191	VirSorter2
29129	VirSorter2
14595	VirSorter2
-85	VirSorter2
14645	VirSorter2
1549	VirSorter2
26656	VirSorter2
-5589	VirSorter2
40080	VirSorter2
-4652	VirSorter2
30005	VirSorter2
7559	VirSorter2
3962	VirSorter2
1280	VirSorter2
88648	VirSorter2
1475	VirSorter2
22969	VirSorter2
2062	VirSorter2
21838	VirSorter2
-64	VirSorter2
28800	VirSorter2
13589	VirSorter2
-125	VirSorter2
12058	VirSorter2
31923	VirSorter2
11754	VirSorter2
10556	VirSorter2
1773	VirSorter2
27173	VirSorter2
4701	VirSorter2
31249	VirSorter2
515	VirSorter2
55513	VirSorter2
21003	VirSorter2
104481	VirSorter2
2511	VirSorter2
127251	VirSorter2
2646	VirSorter2
42084	VirSorter2
105409	VirSorter2
79606	VirSorter2
42828	VirSorter2
7932	VirSorter2
68476	VirSorter2
73744	VirSorter2
33165	VirSorter2
83999	VirSorter2
95875	VirSorter2
168850	VirSorter2
10205	VirSorter2
32850	VirSorter2
35929	VirSorter2
4689	VirSorter2
2513	VirSorter2
-624	VirSorter2
480950	VirSorter2
969578	VirSorter2
13218	VirSorter2
47882	VirSorter2
47882	VirSorter2
29577	VirSorter2
4050	VirSorter2
109246	VirSorter2
2140	VirSorter2
80762	VirSorter2
2706	VirSorter2
64738	VirSorter2
1985	VirSorter2
101736	VirSorter2
35772	VirSorter2
10015	VirSorter2
5141	VirSorter2
85998	VirSorter2
566	VirSorter2
102244	VirSorter2
2621	VirSorter2
107381	VirSorter2
6985	VirSorter2
57057	VirSorter2
103777	VirSorter2
12053	VirSorter2
21249	VirSorter2
44357	VirSorter2
3250	VirSorter2
75770	VirSorter2
16174	VirSorter2
105233	VirSorter2
43078	VirSorter2
89743	VirSorter2
7790	VirSorter2
126564	VirSorter2
45624	VirSorter2
16882	VirSorter2
5886	VirSorter2
70166	VirSorter2
5129	VirSorter2
241178	VirSorter2
3966	VirSorter2
64846	VirSorter2
1979	VirSorter2
104208	VirSorter2
1910	VirSorter2
120761	VirSorter2
2155	VirSorter2
89040	VirSorter2
5673	VirSorter2
86033	VirSorter2
905	VirSorter2
1601	VirSorter2
2281	VirSorter2
56494	VirSorter2
5676	VirSorter2
1595	VirSorter2
29120	VirSorter2
32540	VirSorter2
2279	VirSorter2
22009	VirSorter2
13030	VirSorter2
13209	VirSorter2
3966	VirSorter2
59630	VirSorter2
81133	VirSorter2
46231	VirSorter2
4967	VirSorter2
99383	VirSorter2
6678	VirSorter2
41327	VirSorter2
3709	VirSorter2
64738	VirSorter2
10485	VirSorter2
118739	VirSorter2
1910	VirSorter2
90884	VirSorter2
2520	VirSorter2
72348	VirSorter2
87324	VirSorter2
125116	VirSorter2
6448	VirSorter2
57493	VirSorter2
3454	VirSorter2
69926	VirSorter2
810	VirSorter2
81071	VirSorter2
3191	VirSorter2
43349	VirSorter2
161137	VirSorter2
24106	VirSorter2
2626	VirSorter2
34115	VirSorter2
4475	VirSorter2
114245	VirSorter2
3917	VirSorter2
75045	VirSorter2
26615	VirSorter2
136466	VirSorter2
9524	VirSorter2
543591	VirSorter2
-1027	VirSorter2
16941	VirSorter2
3606	VirSorter2
73724	VirSorter2
1008	VirSorter2
120786	VirSorter2
86339	VirSorter2
156134	VirSorter2
1004	VirSorter2
144195	VirSorter2
224456	VirSorter2
284008	VirSorter2
5345	VirSorter2
66604	VirSorter2
7951	VirSorter2
23662	VirSorter2
10410	VirSorter2
17172	VirSorter2
12638	VirSorter2
171824	VirSorter2
30777	VirSorter2
31775	VirSorter2
-5499	VirSorter2
65295	VirSorter2
2010	VirSorter2
45444	VirSorter2
2192	VirSorter2
-74	VirSorter2
2140	VirSorter2
7593	VirSorter2
3184	VirSorter2
30285	VirSorter2
1967	VirSorter2
36910	VirSorter2
66936	VirSorter2
21093	VirSorter2
6876	VirSorter2
90519	VirSorter2
11846	VirSorter2
38951	VirSorter2
8685	VirSorter2
39502	VirSorter2
6494	VIBRANT
1627	VIBRANT
-137	VIBRANT
66246	VIBRANT
-23	VIBRANT
-6352	VIBRANT
10802	VIBRANT
-358	VIBRANT
-37	VIBRANT
-1758	VIBRANT
-986	VIBRANT
5111	VIBRANT
-325	VIBRANT
3571	VIBRANT
-40	VIBRANT
-234	VIBRANT
3905	VIBRANT
3077	VIBRANT
1336	VIBRANT
-693	VIBRANT
12835	VIBRANT
2691	VIBRANT
3537	VIBRANT
3913	VIBRANT
13667	VIBRANT
-43	VIBRANT
4802	VIBRANT
-576	VIBRANT
497	VIBRANT
-68	VIBRANT
6356	VIBRANT
-2850	VIBRANT
6594	VIBRANT
-1270	VIBRANT
13493	VIBRANT
-178	VIBRANT
-163	VIBRANT
-158	VIBRANT
6401	VIBRANT
4054	VIBRANT
132	VIBRANT
18901	VIBRANT
-52	VIBRANT
-139	VIBRANT
-60	VIBRANT
-1004	VIBRANT
4528	VIBRANT
-1196	VIBRANT
-88	VIBRANT
961	VIBRANT
-218	VIBRANT
-949	VIBRANT
2837	VIBRANT
-107	VIBRANT
-1604	VIBRANT
-240	VIBRANT
-136	VIBRANT
1497	VIBRANT
5509	VIBRANT
22942	VIBRANT
16653	VIBRANT
2261	VIBRANT
2263	VIBRANT
20	VIBRANT
-714	VIBRANT
-738	VIBRANT
20	VIBRANT
-602	VIBRANT
4382	VIBRANT
-940	VIBRANT
3076	VIBRANT
-803	VIBRANT
6117	VIBRANT
-1513	VIBRANT
502	VIBRANT
-1634	VIBRANT
406	VIBRANT
-1634	VIBRANT
711	VIBRANT
6649	VIBRANT
-372	VIBRANT
-3257	VIBRANT
60463	VIBRANT
-969	VIBRANT
12721	VIBRANT
-274	VIBRANT
3204	VIBRANT
-66	VIBRANT
-152	VIBRANT
-235	VIBRANT
-47	VIBRANT
-273	VIBRANT
-509	VIBRANT
-1969	VIBRANT
-2025	VIBRANT
-2009	VIBRANT
-123	VIBRANT
23561	VIBRANT
-451	VIBRANT
-1493	VIBRANT
-88	VIBRANT
-1142	VIBRANT
-669	VIBRANT
-509	VIBRANT
6356	VIBRANT
-3184	VIBRANT
-107	VIBRANT
-161	VIBRANT
-170	VIBRANT
-207	VIBRANT
-60	VIBRANT
1071	VIBRANT
-60	VIBRANT
762	VIBRANT
12125	VIBRANT
-1534	VIBRANT
-2785	VIBRANT
-1304	VIBRANT
-310	VIBRANT
-110	VIBRANT
1192	VIBRANT
-102	VIBRANT
10446	VIBRANT
-447	VIBRANT
-219	VIBRANT
-147	VIBRANT
-168	VIBRANT
-1380	VIBRANT
-88	VIBRANT
-2339	VIBRANT
-5979	VIBRANT
-1785	VIBRANT
-147	VIBRANT
-1633	VIBRANT
2523	VIBRANT
430	VIBRANT
4799	VIBRANT
-522	VIBRANT
-163	VIBRANT
-158	VIBRANT
-222	VIBRANT
-147	VIBRANT
8443	VIBRANT
-147	VIBRANT
12213	VIBRANT
-32	VIBRANT
1161	VIBRANT
7679	VIBRANT
-431	VIBRANT
-1608	VIBRANT
720	VIBRANT
-430	VIBRANT
-456	VIBRANT
-1212	VIBRANT
-162	VIBRANT
-158	VIBRANT
-5982	VIBRANT
-1785	VIBRANT
-4981	VIBRANT
-1785	VIBRANT
-162	VIBRANT
-158	VIBRANT
-162	VIBRANT
-158	VIBRANT
-429	VIBRANT
-1608	VIBRANT
-428	VIBRANT
-114	VIBRANT
-458	VIBRANT
-1643	VIBRANT
-114	VIBRANT
-428	VIBRANT
-109	VIBRANT
-429	VIBRANT
-204	VIBRANT
-3143	VIBRANT
925	VIBRANT
-59	VIBRANT
4850	VIBRANT
-682	VIBRANT
-901	VIBRANT
-6088	VIBRANT
10595	VIBRANT
7170	VIBRANT
-270	VIBRANT
-13	VIBRANT
-129	VIBRANT
9526	VIBRANT
-341	VIBRANT
-729	VIBRANT
-56	VIBRANT
9500	VIBRANT
20084	VIBRANT
-1	VIBRANT
4092	VIBRANT
-134	VIBRANT
-137	VIBRANT
-1408	VIBRANT
-85	VIBRANT
-674	VIBRANT
-1877	VIBRANT
-83	VIBRANT
6926	VIBRANT
2480	VIBRANT
2632	VIBRANT
-121	VIBRANT
-137	VIBRANT
-1408	VIBRANT
11653	VIBRANT
-180	VIBRANT
-203	VIBRANT
5122	VIBRANT
-483	VIBRANT
-2390	VIBRANT
-127	VIBRANT
-823	VIBRANT
4265	VIBRANT
-156	VIBRANT
2734	VIBRANT
-1307	VIBRANT
-765	VIBRANT
3310	VIBRANT
5095	VIBRANT
-848	VIBRANT
-609	VIBRANT
5184	VIBRANT
257	VIBRANT
14100	VIBRANT
14224	VIBRANT
-3084	VIBRANT
-198	VIBRANT
-1830	VIBRANT
-156	VIBRANT
-149	VIBRANT
-94	VIBRANT
-1404	VIBRANT
29619	VIBRANT
-308	VIBRANT
-617	VIBRANT
-1259	VIBRANT
3074	VIBRANT
-234	VIBRANT
-124	VIBRANT
19602	VIBRANT
6348	VIBRANT
4248	VIBRANT
4521	VIBRANT
18	VIBRANT
-132	VIBRANT
-1628	VIBRANT
-123	VIBRANT
-1327	VIBRANT
-429	VIBRANT
1224	VIBRANT
-260	VIBRANT
-2790	VIBRANT
-3582	VIBRANT
-114	VIBRANT
-1083	VIBRANT
-190	VIBRANT
-281	VIBRANT
1252	VIBRANT
2130	VIBRANT
-805	VIBRANT
-207	VIBRANT
-715	VIBRANT
6632	VIBRANT
3805	VIBRANT
-1444	VIBRANT
-228	VIBRANT
6938	VIBRANT
-405	VIBRANT
6773	VIBRANT
-174	VIBRANT
-2658	VIBRANT
-1709	VIBRANT
-174	VIBRANT
2698	VIBRANT
-130	VIBRANT
-93	VIBRANT
-243	VIBRANT
-2122	VIBRANT
20688	VIBRANT
-392	VIBRANT
-93	VIBRANT
2348	VIBRANT
-92	VIBRANT
3401	VIBRANT
190	VIBRANT
12691	VIBRANT
2162	VIBRANT
-395	VIBRANT
-178	VIBRANT
-391	VIBRANT
-174	VIBRANT
-92	VIBRANT
-174	VIBRANT
6823	VIBRANT
2684	VIBRANT
55719	VIBRANT
-394	VIBRANT
-174	VIBRANT
-175	VIBRANT
6278	VIBRANT
8848	VIBRANT
-92	VIBRANT
-174	VIBRANT
11155	VIBRANT
-102	VIBRANT
-186	VIBRANT
3825	VIBRANT
-1097	VIBRANT
-2072	VIBRANT
-1538	VIBRANT
-1198	VIBRANT
6007	VIBRANT
2672	VIBRANT
-65	VIBRANT
-395	VIBRANT
-387	VIBRANT
-2072	VIBRANT
-1538	VIBRANT
10004	VIBRANT
-1074	VIBRANT
845	VIBRANT
-395	VIBRANT
-98	VIBRANT
-491	VIBRANT
13221	VIBRANT
-2562	VIBRANT
-101	VIBRANT
-1327	VIBRANT
-74	VIBRANT
-3818	VIBRANT
7466	VIBRANT
4657	VIBRANT
24642	VIBRANT
2335	VIBRANT
-45	VIBRANT
-618	VIBRANT
-2265	VIBRANT
-84	VIBRANT
-45	VIBRANT
-618	VIBRANT
-64	VIBRANT
3396	VIBRANT
-4	VIBRANT
-587	VIBRANT
42904	VIBRANT
-1133	VIBRANT
-638	VIBRANT
-1350	VIBRANT
2601	VIBRANT
-1302	VIBRANT
-545	VIBRANT
-139	VIBRANT
-700	VIBRANT
-176	VIBRANT
-115	VIBRANT
-489	VIBRANT
-449	VIBRANT
4220	VIBRANT
-60	VIBRANT
439	VIBRANT
3582	VIBRANT
-2028	VIBRANT
34666	VIBRANT
-2441	VIBRANT
515	VIBRANT
4609	VIBRANT
-355	VIBRANT
-1453	VIBRANT
8271	VIBRANT
6377	VIBRANT
-453	VIBRANT
1306	VIBRANT
-59	VIBRANT
12197	VIBRANT
-59	VIBRANT
-441	VIBRANT
-2063	VIBRANT
-1299	VIBRANT
3141	VIBRANT
-2782	VIBRANT
1097	VIBRANT
-814	VIBRANT
15049	VIBRANT
-111	VIBRANT
5131	VIBRANT
-1722	VIBRANT
1985	VIBRANT
1987	VIBRANT
1985	VIBRANT
1990	VIBRANT
1987	VIBRANT
1987	VIBRANT
10034	VIBRANT
9584	VIBRANT
-2063	VIBRANT
2064	VIBRANT
-112	VIBRANT
9866	VIBRANT
-112	VIBRANT
10234	VIBRANT
-2771	VIBRANT
10368	VIBRANT
5131	VIBRANT
-755	VIBRANT
-485	VIBRANT
1097	VIBRANT
-2173	VIBRANT
-2783	VIBRANT
1985	VIBRANT
1987	VIBRANT
1985	VIBRANT
1987	VIBRANT
-751	VIBRANT
-115	VIBRANT
-745	VIBRANT
1097	VIBRANT
5131	VIBRANT
-2099	VIBRANT
-2793	VIBRANT
-1167	VIBRANT
-115	VIBRANT
-751	VIBRANT
9866	VIBRANT
-112	VIBRANT
-25	VIBRANT
9260	VIBRANT
10376	VIBRANT
-25	VIBRANT
-25	VIBRANT
-120	VIBRANT
13416	VIBRANT
-171	VIBRANT
10200	VIBRANT
-112	VIBRANT
3397	VIBRANT
-3050	VIBRANT
5131	VIBRANT
-1118	VIBRANT
-2064	VIBRANT
3138	VIBRANT
1985	VIBRANT
1987	VIBRANT
1987	VIBRANT
1985	VIBRANT
5131	VIBRANT
-566	VIBRANT
16405	VIBRANT
-1445	VIBRANT
-115	VIBRANT
-751	VIBRANT
10802	VIBRANT
-358	VIBRANT
1919	VIBRANT
1722	VIBRANT
-112	VIBRANT
10287	VIBRANT
11310	VIBRANT
-83	VIBRANT
3141	VIBRANT
-2780	VIBRANT
24776	VIBRANT
-2668	VIBRANT
1401	VIBRANT
-896	VIBRANT
5032	VIBRANT
2	VIBRANT
-218	VIBRANT
5029	VIBRANT
2626	VIBRANT
8317	VIBRANT
16539	VIBRANT
-110	VIBRANT
3599	VIBRANT
1749	VIBRANT
-219	VIBRANT
9959	VIBRANT
2413	VIBRANT
-183	VIBRANT
5374	VIBRANT
-3355	VIBRANT
15204	VIBRANT
53923	VIBRANT
-146	VIBRANT
4394	VIBRANT
4798	VIBRANT
-550	VIBRANT
-151	VIBRANT
-1633	VIBRANT
-509	VIBRANT
-1972	VIBRANT
-244	VIBRANT
-2201	VIBRANT
-89	VIBRANT
-660	VIBRANT
-16	VIBRANT
96	VIBRANT
12537	VIBRANT
-1453	VIBRANT
29636	VIBRANT
-985	VIBRANT
4295	VIBRANT
-2021	VIBRANT
-1572	VIBRANT
4614	VIBRANT
-1	VIBRANT
-912	VIBRANT
677	VIBRANT
1911	VIBRANT
2541	VIBRANT
2804	VIBRANT
-712	VIBRANT
-233	VIBRANT
8950	VIBRANT
11164	VIBRANT
-162	VIBRANT
-158	VIBRANT
-456	VIBRANT
-1643	VIBRANT
3981	VIBRANT
-119	VIBRANT
-619	VIBRANT
-108	VIBRANT
2621	DBSCAN-SWA
4605	DBSCAN-SWA
-136	DBSCAN-SWA
35495	DBSCAN-SWA
-18	DBSCAN-SWA
1805	DBSCAN-SWA
-138	DBSCAN-SWA
-121	DBSCAN-SWA
-22	DBSCAN-SWA
-127	DBSCAN-SWA
4938	DBSCAN-SWA
-358	DBSCAN-SWA
-36	DBSCAN-SWA
135	DBSCAN-SWA
-205	DBSCAN-SWA
-69	DBSCAN-SWA
3383	DBSCAN-SWA
-70	DBSCAN-SWA
606	DBSCAN-SWA
405	DBSCAN-SWA
3906	DBSCAN-SWA
4240	DBSCAN-SWA
1337	DBSCAN-SWA
-8060	DBSCAN-SWA
1695	DBSCAN-SWA
1904	DBSCAN-SWA
4937	DBSCAN-SWA
3913	DBSCAN-SWA
-188	DBSCAN-SWA
-43	DBSCAN-SWA
-27	DBSCAN-SWA
2447	DBSCAN-SWA
4975	DBSCAN-SWA
1555	DBSCAN-SWA
6163	DBSCAN-SWA
1747	DBSCAN-SWA
-707	DBSCAN-SWA
-233	DBSCAN-SWA
-245	DBSCAN-SWA
-178	DBSCAN-SWA
2743	DBSCAN-SWA
2124	DBSCAN-SWA
1621	DBSCAN-SWA
-222	DBSCAN-SWA
133	DBSCAN-SWA
5114	DBSCAN-SWA
-51	DBSCAN-SWA
-139	DBSCAN-SWA
3847	DBSCAN-SWA
-1004	DBSCAN-SWA
6221	DBSCAN-SWA
3251	DBSCAN-SWA
-87	DBSCAN-SWA
-84	DBSCAN-SWA
-217	DBSCAN-SWA
-165	DBSCAN-SWA
-828	DBSCAN-SWA
-107	DBSCAN-SWA
716	DBSCAN-SWA
632	DBSCAN-SWA
-1365	DBSCAN-SWA
460	DBSCAN-SWA
-109	DBSCAN-SWA
9415	DBSCAN-SWA
-1301	DBSCAN-SWA
-43	DBSCAN-SWA
1792	DBSCAN-SWA
-1274	DBSCAN-SWA
-111	DBSCAN-SWA
3958	DBSCAN-SWA
-1273	DBSCAN-SWA
1792	DBSCAN-SWA
-109	DBSCAN-SWA
2811	DBSCAN-SWA
3077	DBSCAN-SWA
-191	DBSCAN-SWA
5801	DBSCAN-SWA
-139	DBSCAN-SWA
4100	DBSCAN-SWA
-139	DBSCAN-SWA
4101	DBSCAN-SWA
-140	DBSCAN-SWA
6987	DBSCAN-SWA
5435	DBSCAN-SWA
-278	DBSCAN-SWA
-312	DBSCAN-SWA
23272	DBSCAN-SWA
2399	DBSCAN-SWA
-201	DBSCAN-SWA
-995	DBSCAN-SWA
-212	DBSCAN-SWA
-66	DBSCAN-SWA
5537	DBSCAN-SWA
2124	DBSCAN-SWA
-46	DBSCAN-SWA
-273	DBSCAN-SWA
-508	DBSCAN-SWA
1396	DBSCAN-SWA
-330	DBSCAN-SWA
-769	DBSCAN-SWA
1726	DBSCAN-SWA
4609	DBSCAN-SWA
1117	DBSCAN-SWA
3846	DBSCAN-SWA
-87	DBSCAN-SWA
1911	DBSCAN-SWA
1395	DBSCAN-SWA
-509	DBSCAN-SWA
4729	DBSCAN-SWA
1747	DBSCAN-SWA
3135	DBSCAN-SWA
-187	DBSCAN-SWA
3791	DBSCAN-SWA
356	DBSCAN-SWA
-169	DBSCAN-SWA
-207	DBSCAN-SWA
3844	DBSCAN-SWA
775	DBSCAN-SWA
3847	DBSCAN-SWA
762	DBSCAN-SWA
68541	DBSCAN-SWA
3856	DBSCAN-SWA
480	DBSCAN-SWA
-101	DBSCAN-SWA
-309	DBSCAN-SWA
5967	DBSCAN-SWA
-851	DBSCAN-SWA
-102	DBSCAN-SWA
9858	DBSCAN-SWA
-447	DBSCAN-SWA
-218	DBSCAN-SWA
1007	DBSCAN-SWA
-167	DBSCAN-SWA
-165	DBSCAN-SWA
-87	DBSCAN-SWA
1915	DBSCAN-SWA
1009	DBSCAN-SWA
-219	DBSCAN-SWA
2524	DBSCAN-SWA
430	DBSCAN-SWA
-31	DBSCAN-SWA
2509	DBSCAN-SWA
-221	DBSCAN-SWA
1007	DBSCAN-SWA
4392	DBSCAN-SWA
1007	DBSCAN-SWA
40441	DBSCAN-SWA
-32	DBSCAN-SWA
1649	DBSCAN-SWA
4630	DBSCAN-SWA
2473	DBSCAN-SWA
726	DBSCAN-SWA
721	DBSCAN-SWA
2472	DBSCAN-SWA
2125	DBSCAN-SWA
2742	DBSCAN-SWA
2743	DBSCAN-SWA
2124	DBSCAN-SWA
-5981	DBSCAN-SWA
1087	DBSCAN-SWA
-4980	DBSCAN-SWA
1087	DBSCAN-SWA
2743	DBSCAN-SWA
2124	DBSCAN-SWA
2743	DBSCAN-SWA
-158	DBSCAN-SWA
2473	DBSCAN-SWA
726	DBSCAN-SWA
4289	DBSCAN-SWA
1781	DBSCAN-SWA
2125	DBSCAN-SWA
2742	DBSCAN-SWA
1782	DBSCAN-SWA
4279	DBSCAN-SWA
721	DBSCAN-SWA
2472	DBSCAN-SWA
1113	DBSCAN-SWA
-3143	DBSCAN-SWA
-32	DBSCAN-SWA
-59	DBSCAN-SWA
-208	DBSCAN-SWA
-682	DBSCAN-SWA
-406	DBSCAN-SWA
4632	DBSCAN-SWA
-14188	DBSCAN-SWA
-22800	DBSCAN-SWA
-269	DBSCAN-SWA
-315	DBSCAN-SWA
2544	DBSCAN-SWA
-728	DBSCAN-SWA
3338	DBSCAN-SWA
-729	DBSCAN-SWA
3754	DBSCAN-SWA
618	DBSCAN-SWA
3222	DBSCAN-SWA
4009	DBSCAN-SWA
-418	DBSCAN-SWA
-134	DBSCAN-SWA
-136	DBSCAN-SWA
-259	DBSCAN-SWA
3667	DBSCAN-SWA
3604	DBSCAN-SWA
-707	DBSCAN-SWA
-83	DBSCAN-SWA
2646	DBSCAN-SWA
5397	DBSCAN-SWA
-81	DBSCAN-SWA
5188	DBSCAN-SWA
-136	DBSCAN-SWA
-259	DBSCAN-SWA
8518	DBSCAN-SWA
-180	DBSCAN-SWA
-202	DBSCAN-SWA
-273	DBSCAN-SWA
4322	DBSCAN-SWA
3236	DBSCAN-SWA
1817	DBSCAN-SWA
6478	DBSCAN-SWA
4266	DBSCAN-SWA
-156	DBSCAN-SWA
14522	DBSCAN-SWA
3326	DBSCAN-SWA
-764	DBSCAN-SWA
3310	DBSCAN-SWA
-92	DBSCAN-SWA
-848	DBSCAN-SWA
-608	DBSCAN-SWA
-136	DBSCAN-SWA
-178	DBSCAN-SWA
2949	DBSCAN-SWA
258	DBSCAN-SWA
2712	DBSCAN-SWA
390	DBSCAN-SWA
2365	DBSCAN-SWA
-155	DBSCAN-SWA
2917	DBSCAN-SWA
-93	DBSCAN-SWA
-116	DBSCAN-SWA
29620	DBSCAN-SWA
-308	DBSCAN-SWA
-616	DBSCAN-SWA
15771	DBSCAN-SWA
-318	DBSCAN-SWA
1642	DBSCAN-SWA
-123	DBSCAN-SWA
-247	DBSCAN-SWA
-17287	DBSCAN-SWA
-10936	DBSCAN-SWA
-3564	DBSCAN-SWA
-4617	DBSCAN-SWA
-539	DBSCAN-SWA
-136	DBSCAN-SWA
-131	DBSCAN-SWA
56	DBSCAN-SWA
-122	DBSCAN-SWA
25469	DBSCAN-SWA
133	DBSCAN-SWA
1224	DBSCAN-SWA
-259	DBSCAN-SWA
-1192	DBSCAN-SWA
-17882	DBSCAN-SWA
-20971	DBSCAN-SWA
-237	DBSCAN-SWA
-190	DBSCAN-SWA
-3855	DBSCAN-SWA
-971	DBSCAN-SWA
2812	DBSCAN-SWA
-272	DBSCAN-SWA
-1189	DBSCAN-SWA
-1988	DBSCAN-SWA
-12322	DBSCAN-SWA
-715	DBSCAN-SWA
-5019	DBSCAN-SWA
-1093	DBSCAN-SWA
-123	DBSCAN-SWA
9851	DBSCAN-SWA
-196	DBSCAN-SWA
-228	DBSCAN-SWA
-128	DBSCAN-SWA
-102	DBSCAN-SWA
6774	DBSCAN-SWA
-174	DBSCAN-SWA
-2657	DBSCAN-SWA
3622	DBSCAN-SWA
797	DBSCAN-SWA
-92	DBSCAN-SWA
-129	DBSCAN-SWA
-93	DBSCAN-SWA
3686	DBSCAN-SWA
-238	DBSCAN-SWA
-130	DBSCAN-SWA
1989	DBSCAN-SWA
-92	DBSCAN-SWA
5214	DBSCAN-SWA
-91	DBSCAN-SWA
-174	DBSCAN-SWA
191	DBSCAN-SWA
12440	DBSCAN-SWA
-173	DBSCAN-SWA
-92	DBSCAN-SWA
-177	DBSCAN-SWA
1268	DBSCAN-SWA
-173	DBSCAN-SWA
1898	DBSCAN-SWA
-173	DBSCAN-SWA
1254	DBSCAN-SWA
-256	DBSCAN-SWA
63136	DBSCAN-SWA
-91	DBSCAN-SWA
2810	DBSCAN-SWA
-174	DBSCAN-SWA
6278	DBSCAN-SWA
-173	DBSCAN-SWA
-92	DBSCAN-SWA
-91	DBSCAN-SWA
-174	DBSCAN-SWA
-1045	DBSCAN-SWA
6154	DBSCAN-SWA
3313	DBSCAN-SWA
-546	DBSCAN-SWA
3826	DBSCAN-SWA
6804	DBSCAN-SWA
-1016	DBSCAN-SWA
7085	DBSCAN-SWA
-5138	DBSCAN-SWA
6007	DBSCAN-SWA
-91	DBSCAN-SWA
3099	DBSCAN-SWA
-1016	DBSCAN-SWA
7086	DBSCAN-SWA
-91	DBSCAN-SWA
-174	DBSCAN-SWA
846	DBSCAN-SWA
842	DBSCAN-SWA
3474	DBSCAN-SWA
-129	DBSCAN-SWA
-16742	DBSCAN-SWA
-4166	DBSCAN-SWA
5337	DBSCAN-SWA
1892	DBSCAN-SWA
-14392	DBSCAN-SWA
-5371	DBSCAN-SWA
-46	DBSCAN-SWA
-338	DBSCAN-SWA
-119	DBSCAN-SWA
-184	DBSCAN-SWA
4063	DBSCAN-SWA
2335	DBSCAN-SWA
-44	DBSCAN-SWA
-618	DBSCAN-SWA
-293	DBSCAN-SWA
-84	DBSCAN-SWA
-44	DBSCAN-SWA
-618	DBSCAN-SWA
6496	DBSCAN-SWA
-51	DBSCAN-SWA
-3	DBSCAN-SWA
2641	DBSCAN-SWA
3226	DBSCAN-SWA
-125	DBSCAN-SWA
9735	DBSCAN-SWA
-45	DBSCAN-SWA
2602	DBSCAN-SWA
3614	DBSCAN-SWA
-394	DBSCAN-SWA
-139	DBSCAN-SWA
-699	DBSCAN-SWA
-176	DBSCAN-SWA
-114	DBSCAN-SWA
2690	DBSCAN-SWA
-448	DBSCAN-SWA
1854	DBSCAN-SWA
3847	DBSCAN-SWA
1059	DBSCAN-SWA
3583	DBSCAN-SWA
-449	DBSCAN-SWA
37563	DBSCAN-SWA
2128	DBSCAN-SWA
1579	DBSCAN-SWA
4609	DBSCAN-SWA
1106	DBSCAN-SWA
3846	DBSCAN-SWA
4581	DBSCAN-SWA
2693	DBSCAN-SWA
-452	DBSCAN-SWA
3327	DBSCAN-SWA
2047	DBSCAN-SWA
8166	DBSCAN-SWA
2047	DBSCAN-SWA
4689	DBSCAN-SWA
2514	DBSCAN-SWA
-624	DBSCAN-SWA
1660	DBSCAN-SWA
-104	DBSCAN-SWA
173	DBSCAN-SWA
3141	DBSCAN-SWA
3142	DBSCAN-SWA
172	DBSCAN-SWA
-92	DBSCAN-SWA
-814	DBSCAN-SWA
6271	DBSCAN-SWA
5578	DBSCAN-SWA
2707	DBSCAN-SWA
-271	DBSCAN-SWA
-408	DBSCAN-SWA
3218	DBSCAN-SWA
-408	DBSCAN-SWA
3221	DBSCAN-SWA
-741	DBSCAN-SWA
3218	DBSCAN-SWA
567	DBSCAN-SWA
1449	DBSCAN-SWA
173	DBSCAN-SWA
3138	DBSCAN-SWA
5581	DBSCAN-SWA
184	DBSCAN-SWA
4914	DBSCAN-SWA
-258	DBSCAN-SWA
173	DBSCAN-SWA
3165	DBSCAN-SWA
2707	DBSCAN-SWA
-144	DBSCAN-SWA
-484	DBSCAN-SWA
-93	DBSCAN-SWA
3138	DBSCAN-SWA
172	DBSCAN-SWA
-408	DBSCAN-SWA
3218	DBSCAN-SWA
-408	DBSCAN-SWA
3218	DBSCAN-SWA
-750	DBSCAN-SWA
-115	DBSCAN-SWA
-744	DBSCAN-SWA
-93	DBSCAN-SWA
2707	DBSCAN-SWA
-673	DBSCAN-SWA
173	DBSCAN-SWA
3141	DBSCAN-SWA
-114	DBSCAN-SWA
-751	DBSCAN-SWA
185	DBSCAN-SWA
5580	DBSCAN-SWA
5674	DBSCAN-SWA
314	DBSCAN-SWA
906	DBSCAN-SWA
314	DBSCAN-SWA
315	DBSCAN-SWA
5688	DBSCAN-SWA
5677	DBSCAN-SWA
-120	DBSCAN-SWA
29121	DBSCAN-SWA
-171	DBSCAN-SWA
174	DBSCAN-SWA
5601	DBSCAN-SWA
3398	DBSCAN-SWA
-1203	DBSCAN-SWA
2707	DBSCAN-SWA
-355	DBSCAN-SWA
173	DBSCAN-SWA
3138	DBSCAN-SWA
-561	DBSCAN-SWA
3218	DBSCAN-SWA
3219	DBSCAN-SWA
-309	DBSCAN-SWA
2707	DBSCAN-SWA
-114	DBSCAN-SWA
5143	DBSCAN-SWA
-77	DBSCAN-SWA
-114	DBSCAN-SWA
-751	DBSCAN-SWA
4938	DBSCAN-SWA
-358	DBSCAN-SWA
3151	DBSCAN-SWA
-368	DBSCAN-SWA
5579	DBSCAN-SWA
179	DBSCAN-SWA
1240	DBSCAN-SWA
5611	DBSCAN-SWA
3142	DBSCAN-SWA
172	DBSCAN-SWA
3192	DBSCAN-SWA
288	DBSCAN-SWA
8	DBSCAN-SWA
-896	DBSCAN-SWA
10432	DBSCAN-SWA
2	DBSCAN-SWA
1003	DBSCAN-SWA
5029	DBSCAN-SWA
1424	DBSCAN-SWA
1153	DBSCAN-SWA
-104	DBSCAN-SWA
4911	DBSCAN-SWA
1490	DBSCAN-SWA
2575	DBSCAN-SWA
1003	DBSCAN-SWA
5029	DBSCAN-SWA
2414	DBSCAN-SWA
2071	DBSCAN-SWA
-206	DBSCAN-SWA
1208	DBSCAN-SWA
3607	DBSCAN-SWA
-41	DBSCAN-SWA
1009	DBSCAN-SWA
4394	DBSCAN-SWA
-31	DBSCAN-SWA
2442	DBSCAN-SWA
1005	DBSCAN-SWA
-219	DBSCAN-SWA
-508	DBSCAN-SWA
1394	DBSCAN-SWA
-52	DBSCAN-SWA
3165	DBSCAN-SWA
-88	DBSCAN-SWA
2215	DBSCAN-SWA
-951	DBSCAN-SWA
-676	DBSCAN-SWA
1344	DBSCAN-SWA
3846	DBSCAN-SWA
6607	DBSCAN-SWA
-985	DBSCAN-SWA
-140	DBSCAN-SWA
-323	DBSCAN-SWA
-1571	DBSCAN-SWA
-6632	DBSCAN-SWA
0	DBSCAN-SWA
-74	DBSCAN-SWA
-79	DBSCAN-SWA
1911	DBSCAN-SWA
19	DBSCAN-SWA
-81	DBSCAN-SWA
-711	DBSCAN-SWA
-233	DBSCAN-SWA
68962	DBSCAN-SWA
857	DBSCAN-SWA
21419	DBSCAN-SWA
3223	DBSCAN-SWA
30122	DBSCAN-SWA
3401	DBSCAN-SWA
28843	DBSCAN-SWA
73889	DBSCAN-SWA
2743	DBSCAN-SWA
2124	DBSCAN-SWA
-156	DBSCAN-SWA
2742	DBSCAN-SWA
5721	DBSCAN-SWA
-119	DBSCAN-SWA
-4535	Phigaro
-10123	Phigaro
3726	Phigaro
-1241	Phigaro
-17032	Phigaro
-21597	Phigaro
-37	Phigaro
-3019	Phigaro
-2465	Phigaro
-1758	Phigaro
-4079	Phigaro
-3858	Phigaro
3905	Phigaro
-54	Phigaro
-1266	Phigaro
-1034	Phigaro
-6565	Phigaro
-32	Phigaro
-15047	Phigaro
-2723	Phigaro
-28	Phigaro
521	Phigaro
2482	Phigaro
-10683	Phigaro
-84	Phigaro
-2850	Phigaro
2650	Phigaro
7057	Phigaro
651	Phigaro
-6794	Phigaro
2742	Phigaro
2124	Phigaro
-1375	Phigaro
-2414	Phigaro
1665	Phigaro
-3020	Phigaro
7853	Phigaro
-2966	Phigaro
6220	Phigaro
1689	Phigaro
-14520	Phigaro
961	Phigaro
-218	Phigaro
1483	Phigaro
1205	Phigaro
-107	Phigaro
-715	Phigaro
2664	Phigaro
-1366	Phigaro
1497	Phigaro
3617	Phigaro
6407	Phigaro
4180	Phigaro
-2619	Phigaro
2263	Phigaro
20	Phigaro
-112	Phigaro
-370	Phigaro
3184	Phigaro
2264	Phigaro
3364	Phigaro
2811	Phigaro
-9657	Phigaro
-1934	Phigaro
-1214	Phigaro
-3821	Phigaro
-36	Phigaro
-10703	Phigaro
-2705	Phigaro
-1644	Phigaro
-10128	Phigaro
-3257	Phigaro
45554	Phigaro
2985	Phigaro
-2665	Phigaro
884	Phigaro
687	Phigaro
-5205	Phigaro
-152	Phigaro
2124	Phigaro
294	Phigaro
-3629	Phigaro
-509	Phigaro
1396	Phigaro
-331	Phigaro
1911	Phigaro
-131	Phigaro
-207	Phigaro
1748	Phigaro
7853	Phigaro
-88	Phigaro
3038	Phigaro
1394	Phigaro
1649	Phigaro
-1539	Phigaro
-1920	Phigaro
-3130	Phigaro
356	Phigaro
371	Phigaro
1551	Phigaro
5597	Phigaro
-693	Phigaro
4298	Phigaro
-1611	Phigaro
1776	Phigaro
4296	Phigaro
-1219	Phigaro
614	Phigaro
-2100	Phigaro
-110	Phigaro
-6381	Phigaro
15456	Phigaro
9245	Phigaro
519	Phigaro
1081	Phigaro
-147	Phigaro
-168	Phigaro
-1380	Phigaro
-88	Phigaro
567	Phigaro
-4724	Phigaro
1087	Phigaro
-8615	Phigaro
-219	Phigaro
-8237	Phigaro
2207	Phigaro
-32	Phigaro
583	Phigaro
-163	Phigaro
4293	Phigaro
-222	Phigaro
-8598	Phigaro
5069	Phigaro
-8591	Phigaro
13255	Phigaro
-32	Phigaro
5841	Phigaro
3098	Phigaro
7659	Phigaro
1398	Phigaro
2400	Phigaro
9013	Phigaro
3432	Phigaro
2742	Phigaro
524	Phigaro
3433	Phigaro
-4727	Phigaro
2383	Phigaro
-4981	Phigaro
55823	Phigaro
524	Phigaro
2124	Phigaro
-162	Phigaro
981	Phigaro
9013	Phigaro
2366	Phigaro
13446	Phigaro
-114	Phigaro
3462	Phigaro
-163	Phigaro
-114	Phigaro
15116	Phigaro
-1606	Phigaro
5550	Phigaro
-4024	Phigaro
-1054	Phigaro
-373	Phigaro
-5543	Phigaro
-5181	Phigaro
1586	Phigaro
8604	Phigaro
-27765	Phigaro
-1067	Phigaro
-828	Phigaro
-6963	Phigaro
-10770	Phigaro
-1354	Phigaro
-2878	Phigaro
-2209	Phigaro
3262	Phigaro
16950	Phigaro
955	Phigaro
1660	Phigaro
-3374	Phigaro
-3593	Phigaro
-259	Phigaro
316	Phigaro
-1901	Phigaro
-1877	Phigaro
-6947	Phigaro
-122	Phigaro
-1986	Phigaro
5393	Phigaro
8045	Phigaro
-3593	Phigaro
-259	Phigaro
-2773	Phigaro
-1692	Phigaro
-6952	Phigaro
-273	Phigaro
-1442	Phigaro
-13834	Phigaro
-10216	Phigaro
-2088	Phigaro
-15482	Phigaro
-2182	Phigaro
-1340	Phigaro
-1607	Phigaro
-1869	Phigaro
873	Phigaro
-3755	Phigaro
-1627	Phigaro
-957	Phigaro
-8193	Phigaro
-10901	Phigaro
-8453	Phigaro
-2678	Phigaro
1612	Phigaro
1690	Phigaro
-2179	Phigaro
-3616	Phigaro
-1404	Phigaro
-8860	Phigaro
-308	Phigaro
-617	Phigaro
73422	Phigaro
1648	Phigaro
3357	Phigaro
-124	Phigaro
-1256	Phigaro
-9957	Phigaro
-6845	Phigaro
-3565	Phigaro
-20891	Phigaro
-3549	Phigaro
5431	Phigaro
-11217	Phigaro
-3111	Phigaro
132	Phigaro
-1530	Phigaro
-3526	Phigaro
877	Phigaro
-14688	Phigaro
-7998	Phigaro
-3111	Phigaro
-2358	Phigaro
-5041	Phigaro
1252	Phigaro
-5149	Phigaro
-1988	Phigaro
976	Phigaro
1013	Phigaro
-5020	Phigaro
-3163	Phigaro
-4398	Phigaro
4648	Phigaro
2943	Phigaro
-7444	Phigaro
-129	Phigaro
3848	Phigaro
5895	Phigaro
-174	Phigaro
4796	Phigaro
-2938	Phigaro
5371	Phigaro
3540	Phigaro
1322	Phigaro
-93	Phigaro
2504	Phigaro
1243	Phigaro
8587	Phigaro
1989	Phigaro
1349	Phigaro
3053	Phigaro
-92	Phigaro
416	Phigaro
1697	Phigaro
7684	Phigaro
2691	Phigaro
5624	Phigaro
3442	Phigaro
2821	Phigaro
380	Phigaro
3419	Phigaro
2260	Phigaro
5974	Phigaro
8445	Phigaro
63136	Phigaro
1103	Phigaro
-174	Phigaro
2494	Phigaro
6681	Phigaro
13981	Phigaro
2973	Phigaro
3528	Phigaro
-92	Phigaro
-7841	Phigaro
-7824	Phigaro
1715	Phigaro
-1538	Phigaro
2672	Phigaro
1420	Phigaro
914	Phigaro
-387	Phigaro
4733	Phigaro
861	Phigaro
6746	Phigaro
4073	Phigaro
12247	Phigaro
3504	Phigaro
4088	Phigaro
285	Phigaro
-2085	Phigaro
-2015	Phigaro
-11643	Phigaro
3975	Phigaro
-3963	Phigaro
896	Phigaro
5710	Phigaro
872	Phigaro
-45	Phigaro
-2868	Phigaro
-3167	Phigaro
-6180	Phigaro
2663	Phigaro
-3005	Phigaro
1475	Phigaro
-855	Phigaro
-4	Phigaro
-587	Phigaro
2425	Phigaro
-2115	Phigaro
12058	Phigaro
-11157	Phigaro
-325	Phigaro
-8962	Phigaro
-2522	Phigaro
-8977	Phigaro
-700	Phigaro
-8782	Phigaro
-1158	Phigaro
2690	Phigaro
-449	Phigaro
3761	Phigaro
5600	Phigaro
-1615	Phigaro
875	Phigaro
18689	Phigaro
34666	Phigaro
981	Phigaro
5838	Phigaro
-1457	Phigaro
-714	Phigaro
9752	Phigaro
13737	Phigaro
910	Phigaro
1141	Phigaro
-1241	Phigaro
533	Phigaro
7752	Phigaro
3497	Phigaro
-441	Phigaro
-60	Phigaro
-1540	Phigaro
-1202	Phigaro
3141	Phigaro
3141	Phigaro
-1203	Phigaro
-1209	Phigaro
-2240	Phigaro
2140	Phigaro
-111	Phigaro
-31	Phigaro
-3188	Phigaro
-2777	Phigaro
-1255	Phigaro
580	Phigaro
-2228	Phigaro
-2759	Phigaro
-1255	Phigaro
-1199	Phigaro
-1300	Phigaro
-2063	Phigaro
810	Phigaro
1958	Phigaro
184	Phigaro
1648	Phigaro
-1237	Phigaro
-1203	Phigaro
3165	Phigaro
-31	Phigaro
-1397	Phigaro
-672	Phigaro
-93	Phigaro
-75	Phigaro
-1207	Phigaro
-1377	Phigaro
-1200	Phigaro
-1377	Phigaro
-1254	Phigaro
1210	Phigaro
-1431	Phigaro
-2569	Phigaro
-93	Phigaro
-1525	Phigaro
-2099	Phigaro
-2793	Phigaro
810	Phigaro
-1431	Phigaro
-2575	Phigaro
-250	Phigaro
-2737	Phigaro
5673	Phigaro
2282	Phigaro
-2317	Phigaro
-120	Phigaro
-1099	Phigaro
-1356	Phigaro
5676	Phigaro
-2427	Phigaro
5410	Phigaro
-171	Phigaro
-1240	Phigaro
-2054	Phigaro
-75	Phigaro
-1203	Phigaro
-1623	Phigaro
-1118	Phigaro
172	Phigaro
810	Phigaro
-2074	Phigaro
-1254	Phigaro
-93	Phigaro
-3106	Phigaro
-31	Phigaro
-1689	Phigaro
1549	Phigaro
-1445	Phigaro
-2041	Phigaro
-2655	Phigaro
-37	Phigaro
-3802	Phigaro
-93	Phigaro
1722	Phigaro
5578	Phigaro
2128	Phigaro
-805	Phigaro
-1414	Phigaro
810	Phigaro
-2780	Phigaro
4850	Phigaro
-2668	Phigaro
4051	Phigaro
-766	Phigaro
-1178	Phigaro
3190	Phigaro
-2417	Phigaro
4455	Phigaro
-1806	Phigaro
733	Phigaro
1489	Phigaro
1749	Phigaro
-1515	Phigaro
897	Phigaro
-5021	Phigaro
-1698	Phigaro
-6646	Phigaro
-4393	Phigaro
14373	Phigaro
-20378	Phigaro
-8600	Phigaro
5072	Phigaro
-32	Phigaro
516	Phigaro
-8572	Phigaro
1740	Phigaro
-509	Phigaro
1394	Phigaro
-3443	Phigaro
-5387	Phigaro
-3209	Phigaro
-3498	Phigaro
2161	Phigaro
4298	Phigaro
25168	Phigaro
2215	Phigaro
-9493	Phigaro
-2221	Phigaro
-3676	Phigaro
-7419	Phigaro
975	Phigaro
2168	Phigaro
-2801	Phigaro
7057	Phigaro
3068	Phigaro
857	Phigaro
4416	Phigaro
4969	Phigaro
7022	Phigaro
544	Phigaro
524	Phigaro
3433	Phigaro
981	Phigaro
-1213	Phigaro
7975	Phigaro
1471	Phigaro
-157	Phigaro
-4130	Phigaro
-12	PhiSpy
0	PhiSpy
-3125	PhiSpy
17997	PhiSpy
-18	PhiSpy
-19	PhiSpy
-2256	PhiSpy
-2934	PhiSpy
277	PhiSpy
466	PhiSpy
-76653	PhiSpy
-42185	PhiSpy
1780	PhiSpy
-17065	PhiSpy
1484	PhiSpy
-5527	PhiSpy
-1540	PhiSpy
-5235	PhiSpy
-1579	PhiSpy
-991	PhiSpy
-3029	PhiSpy
1274	PhiSpy
-3243	PhiSpy
-18650	PhiSpy
909	PhiSpy
1435	PhiSpy
-3131	PhiSpy
-284	PhiSpy
-10340	PhiSpy
-2700	PhiSpy
0	PhiSpy
0	PhiSpy
-795	PhiSpy
-3326	PhiSpy
-451	PhiSpy
8197	PhiSpy
276	PhiSpy
-19311	PhiSpy
1235	PhiSpy
-30532	PhiSpy
0	PhiSpy
0	PhiSpy
-6652	PhiSpy
865	PhiSpy
3523	PhiSpy
-6450	PhiSpy
-4700	PhiSpy
2090	PhiSpy
-7872	PhiSpy
15498	PhiSpy
2849	PhiSpy
-8208	PhiSpy
0	PhiSpy
0	PhiSpy
0	PhiSpy
0	PhiSpy
-3448	PhiSpy
-3264	PhiSpy
-475	PhiSpy
-6414	PhiSpy
-4463	PhiSpy
-3892	PhiSpy
0	PhiSpy
0	PhiSpy
-75	PhiSpy
-115	PhiSpy
383	PhiSpy
-5672	PhiSpy
680	PhiSpy
-18894	PhiSpy
-2769	PhiSpy
-7196	PhiSpy
-3240	PhiSpy
-3623	PhiSpy
0	PhiSpy
0	PhiSpy
46489	PhiSpy
-5540	PhiSpy
5883	PhiSpy
-2898	PhiSpy
-4328	PhiSpy
-9063	PhiSpy
0	PhiSpy
0	PhiSpy
-214	PhiSpy
-9240	PhiSpy
-3810	PhiSpy
-4280	PhiSpy
81	PhiSpy
-80	PhiSpy
-10	PhiSpy
0	PhiSpy
0	PhiSpy
-4	PhiSpy
909	PhiSpy
1435	PhiSpy
0	PhiSpy
0	PhiSpy
-3	PhiSpy
-4	PhiSpy
-1531	PhiSpy
-12301	PhiSpy
-735	PhiSpy
-5430	PhiSpy
-8	PhiSpy
0	PhiSpy
-5775	PhiSpy
-736	PhiSpy
10411	PhiSpy
-2665	PhiSpy
92	PhiSpy
-12097	PhiSpy
0	PhiSpy
0	PhiSpy
-2966	PhiSpy
-7341	PhiSpy
-6189	PhiSpy
-1718	PhiSpy
-13492	PhiSpy
-14971	PhiSpy
-9269	PhiSpy
-17976	PhiSpy
-8610	PhiSpy
1756	PhiSpy
90	PhiSpy
-12086	PhiSpy
5393	PhiSpy
-20495	PhiSpy
-12438	PhiSpy
-2642	PhiSpy
0	PhiSpy
0	PhiSpy
-1004	PhiSpy
-13849	PhiSpy
-3308	PhiSpy
10	PhiSpy
0	PhiSpy
0	PhiSpy
-5860	PhiSpy
-4076	PhiSpy
-6192	PhiSpy
-1718	PhiSpy
-3853	PhiSpy
-3207	PhiSpy
-8562	PhiSpy
-2733	PhiSpy
-14296	PhiSpy
-1353	PhiSpy
-373	PhiSpy
-6818	PhiSpy
0	PhiSpy
-7	PhiSpy
-7	PhiSpy
0	PhiSpy
-9950	PhiSpy
-2006	PhiSpy
1160	PhiSpy
-2216	PhiSpy
-11109	PhiSpy
-2270	PhiSpy
-8839	PhiSpy
-195	PhiSpy
0	PhiSpy
0	PhiSpy
-17687	PhiSpy
-786	PhiSpy
0	PhiSpy
-89	PhiSpy
0	PhiSpy
-13	PhiSpy
19790	PhiSpy
5177	PhiSpy
-30	PhiSpy
-2	PhiSpy
0	PhiSpy
0	PhiSpy
-3679	PhiSpy
-3980	PhiSpy
0	PhiSpy
0	PhiSpy
-332	PhiSpy
-4030	PhiSpy
0	PhiSpy
0	PhiSpy
-11981	PhiSpy
-12051	PhiSpy
0	PhiSpy
0	PhiSpy
6695	PhiSpy
1798	PhiSpy
1061	PhiSpy
-1374	PhiSpy
730	PhiSpy
-2827	PhiSpy
-6	PhiSpy
0	PhiSpy
0	PhiSpy
2	PhiSpy
-2434	PhiSpy
10356	PhiSpy
-284	PhiSpy
677	PhiSpy
-4516	PhiSpy
-1970	PhiSpy
-3103	PhiSpy
-3298	PhiSpy
-7681	PhiSpy
-6769	PhiSpy
29980	PhiSpy
-2503	PhiSpy
-6673	PhiSpy
1103	PhiSpy
-2486	PhiSpy
-611	PhiSpy
-84	PhiSpy
-49	PhiSpy
1715	PhiSpy
-6578	PhiSpy
-3196	PhiSpy
-3565	PhiSpy
1229	PhiSpy
-157	PhiSpy
15053	PhiSpy
5588	PhiSpy
1928	PhiSpy
-3699	PhiSpy
885	PhiSpy
-7004	PhiSpy
-9659	PhiSpy
-3769	PhiSpy
4666	PhiSpy
4923	PhiSpy
-1783	PhiSpy
5611	PhiSpy
409	PhiSpy
-11279	PhiSpy
-17304	PhiSpy
-3584	PhiSpy
1031	PhiSpy
-13467	PhiSpy
0	PhiSpy
-20	PhiSpy
-2525	PhiSpy
-4645	PhiSpy
120	PhiSpy
57	PhiSpy
1701	PhiSpy
-8058	PhiSpy
27	PhiSpy
101	PhiSpy
-8053	PhiSpy
-6300	PhiSpy
115	PhiSpy
-34856	PhiSpy
-8090	PhiSpy
-6368	PhiSpy
-3988	PhiSpy
3590	PhiSpy
-2134	PhiSpy
12115	PhiSpy
90	PhiSpy
31	PhiSpy
-10159	PhiSpy
-2684	PhiSpy
640	PhiSpy
-2529	PhiSpy
-2230	PhiSpy
-5453	PhiSpy
-61964	PhiSpy
49501	PhiSpy
101	PhiSpy
101	PhiSpy
8167	PhiSpy
-5644	PhiSpy
-2926	PhiSpy
7282	PhiSpy
325	PhiSpy
-645	PhiSpy
-11844	PhiSpy
-7718	PhiSpy
1162	PhiSpy
-8490	PhiSpy
-2426	PhiSpy
-4637	PhiSpy
-2105	PhiSpy
-330	PhiSpy
-5457	PhiSpy
-2431	PhiSpy
-2316	PhiSpy
-7657	PhiSpy
8266	PhiSpy
2424	PhiSpy
2017	PhiSpy
-5638	PhiSpy
-5418	PhiSpy
-4421	PhiSpy
896	PhiSpy
951	PhiSpy
0	PhiSpy
-17	PhiSpy
295	PhiSpy
-9079	PhiSpy
837	PhiSpy
10413	PhiSpy
-13223	PhiSpy
-2685	PhiSpy
-4645	PhiSpy
-446	PhiSpy
33302	PhiSpy
15012	PhiSpy
-3626	PhiSpy
-8267	PhiSpy
-29625	PhiSpy
-8225	PhiSpy
0	PhiSpy
0	PhiSpy
-4811	PhiSpy
-214	PhiSpy
0	PhiSpy
0	PhiSpy
0	PhiSpy
0	PhiSpy
803	PhiSpy
-5679	PhiSpy
0	PhiSpy
0	PhiSpy
23168	PhiSpy
-7370	PhiSpy
-3034	PhiSpy
-3105	PhiSpy
-74	PhiSpy
-4	PhiSpy
-1183	PhiSpy
-9977	PhiSpy
1457	PhiSpy
3601	PhiSpy
277	PhiSpy
-19503	PhiSpy
-3683	PhiSpy
8516	PhiSpy
8516	PhiSpy
-4401	PhiSpy
-3356	PhiSpy
-3851	PhiSpy
11187	PhiSpy
10291	PhiSpy
1379	PhiSpy
-5506	PhiSpy
-4063	PhiSpy
944	PhiSpy
-1544	PhiSpy
-2260	PhiSpy
-4306	PhiSpy
-10428	PhiSpy
-3834	PhiSpy
-5886	PhiSpy
-5630	PhiSpy
-2159	PhiSpy
10292	PhiSpy
6005	PhiSpy
10585	PhiSpy
-3011	PhiSpy
-3708	PhiSpy
-10192	PhiSpy
-2616	PhiSpy
-1856	PhiSpy
-3131	PhiSpy
-2812	PhiSpy
-2309	PhiSpy
-7597	PhiSpy
-4022	PhiSpy
-11721	PhiSpy
-5364	PhiSpy
-1464	PhiSpy
-6861	PhiSpy
-1168	PhiSpy
110	PhiSpy
-4102	PhiSpy
6004	PhiSpy
10293	PhiSpy
10385	PhiSpy
5398	PhiSpy
-2874	PhiSpy
10655	PhiSpy
10642	PhiSpy
-2873	PhiSpy
7743	PhiSpy
-1254	PhiSpy
-3014	PhiSpy
10568	PhiSpy
1379	PhiSpy
-4999	PhiSpy
-5630	PhiSpy
-2159	PhiSpy
-4759	PhiSpy
944	PhiSpy
-7867	PhiSpy
-1176	PhiSpy
-2415	PhiSpy
-5099	PhiSpy
-4101	PhiSpy
-9468	PhiSpy
-3884	PhiSpy
-5998	PhiSpy
-3125	PhiSpy
17996	PhiSpy
-8658	PhiSpy
-3840	PhiSpy
-6153	PhiSpy
2636	PhiSpy
-1252	PhiSpy
10578	PhiSpy
-9297	PhiSpy
-4324	PhiSpy
-1331	PhiSpy
-3438	PhiSpy
0	PhiSpy
0	PhiSpy
5809	PhiSpy
-389	PhiSpy
-2	PhiSpy
0	PhiSpy
0	PhiSpy
0	PhiSpy
3649	PhiSpy
-5475	PhiSpy
-6	PhiSpy
0	PhiSpy
-7446	PhiSpy
30877	PhiSpy
-3247	PhiSpy
-18894	PhiSpy
-17532	PhiSpy
-1326	PhiSpy
-3990	PhiSpy
-1171	PhiSpy
-2161	PhiSpy
-19088	PhiSpy
0	PhiSpy
0	PhiSpy
79	PhiSpy
6974	PhiSpy
970	PhiSpy
-3392	PhiSpy
20743	PhiSpy
-140	PhiSpy
2980	PhiSpy
-4103	PhiSpy
-6345	PhiSpy
-17469	PhiSpy
1119	PhiSpy
-4467	PhiSpy
1173	PhiSpy
2159	PhiSpy
-331	PhiSpy
-12631	PhiSpy
16934	PhiSpy
8315	PhiSpy
7267	PhiSpy
-655	PhiSpy
-13585	PhiSpy
-1353	PhiSpy
334	PhiSpy
-12176	PhiSpy
-29	PhiSpy
13440	PhiSpy
-4753	PhiSpy
-9155	PhiSpy
